CREATE TABLE public.noeud(
idn VARCHAR(255),
profondeur INT,
modelevanne VARCHAR(255),
typenoeud VARCHAR(255)
);

INSERT INTO noeud (idn, profondeur, modelevanne, typenoeud) VALUES
('N001', 100, 'T1', 'Feuille'),
('N002', 250, 'ZA', 'Amont'),
('N003', 50, 'VA12', 'Aval'),
('N004', 1230, 'Sphere', 'Amont'),
('N005', 200, 'Spherique', 'Racine'),
('N006', 130, 'T2', 'Aval'),
('N007', 900, 'Vanne Guillotine', 'Amont'),
('N008', 450, 'Vanne Papillon', 'Feuille'),
('N009', 600, 'Clapet anti-retour', 'Feuille'),
('N010', 750, 'Vanne à boisseau', 'Racine'),
('N011', 1400, 'Vanne à opercule', 'Amont'),
('N012', 80, 'Vanne à passage direct', 'Aval'),
('N013', 110, 'T1', 'Feuille'),
('N014', 720, 'ZA', 'Amont'),
('N015', 1020, 'VA12', 'Feuille'),
('N016', 370, 'Vanne Guillotine', 'Aval'),
('N017', 800, 'Vanne Papillon', 'Amont'),
('N018', 1300, 'Sphere', 'Racine'),
('N019', 300, 'Spherique', 'Feuille'),
('N020', 450, 'Vanne à opercule', 'Aval'),
('N021', 540, 'Vanne à boisseau', 'Amont'),
('N022', 670, 'T2', 'Feuille'),
('N023', 720, 'Clapet anti-retour', 'Racine'),
('N024', 850, 'Vanne Papillon', 'Aval'),
('N025', 910, 'Vanne à passage direct', 'Feuille'),
('N026', 1130, 'Vanne Guillotine', 'Amont'),
('N027', 230, 'T1', 'Feuille'),
('N028', 370, 'ZA', 'Aval'),
('N029', 990, 'VA12', 'Feuille'),
('N030', 1500, 'Vanne Papillon', 'Racine'),
('N031', 550, 'Vanne à boisseau', 'Feuille'),
('N032', 620, 'Sphere', 'Amont'),
('N033', 740, 'Spherique', 'Feuille'),
('N034', 890, 'Vanne à opercule', 'Racine'),
('N035', 1020, 'Vanne à passage direct', 'Feuille'),
('N036', 130, 'T2', 'Feuille'),
('N037', 430, 'Vanne Guillotine', 'Amont'),
('N038', 900, 'ZA', 'Racine'),
('N039', 560, 'VA12', 'Feuille'),
('N040', 1150, 'Vanne à boisseau', 'Amont'),
('N041', 990, 'Vanne Papillon', 'Aval'),
('N042', 450, 'Vanne à opercule', 'Feuille'),
('N043', 670, 'Clapet anti-retour', 'Feuille'),
('N044', 1200, 'Sphere', 'Racine'),
('N045', 350, 'Spherique', 'Feuille'),
('N046', 670, 'T1', 'Amont'),
('N047', 1400, 'ZA', 'Feuille'),
('N048', 780, 'VA12', 'Feuille'),
('N049', 810, 'Vanne à boisseau', 'Amont'),
('N050', 1450, 'Vanne Guillotine', 'Racine');


INSERT INTO Installation (idInst, idN, captage, reservoir, station, date) VALUES
('I01', 'N050', 'Forage', 15000, 'Station A', '01/03/2020'),
('I02', 'N044', 'Puits', 5000, 'Station B', '15/06/2021'),
('I03', 'N038', 'Rivière', 12000, 'Station C', '23/09/2022'),
('I04', 'N030', 'Lac', 20000, 'Station D', '07/12/2023'),
('I05', 'N023', 'Forage', 8000, 'Station E', '19/02/2024'),
('I06', 'N018', 'Source', 1000, 'Station A', '11/07/2020'),
('I07', 'N010', 'Puits', 18000, 'Station C', '30/04/2021'),
('I08', 'N034', 'Rivière', 7500, 'Station B', '14/10/2023'),
('I09', 'N005', 'Lac', 3000, 'Station D', '05/08/2025');

DROP TABLE section
CREATE TABLE section (
idS VARCHAR(255), 
idNAM VARCHAR(255), 
idNAV VARCHAR(255) , 
diametre INT, 
longueur INT, 
date DATE)

CREATE TABLE reparation (
idR VARCHAR(255), 
idS VARCHAR(255), 
distance INT , 
pane VARCHAR(255), 
date DATE)

INSERT INTO reparation (idR, idS, distance, pane, date) VALUES
('R01', 'S01', 120, 'Fuite de canalisation', '2020-06-05'),
('R02', 'S050', 75, 'Obstruction partielle', '2021-08-12'),
('R03', 'S01', 140, 'Rupture de conduite', '2023-03-20'),
('R04', 'S050', 90, 'Problème de pression', '2024-11-15'),
('R05', 'S01', 110, 'Fuite de canalisation', '2022-01-29'),
('R06', 'S050', 200, 'Raccord défectueux', '2023-07-07'),
('R07', 'S01', 50, 'Fuite de vanne', '2021-02-14'),
('R08', 'S050', 170, 'Obstruction totale', '2020-09-25'),
('R09', 'S01', 60, 'Problème de pression', '2024-05-09'),
('R10', 'S050', 180, 'Fuite de canalisation', '2025-10-30'),
('R11', 'S01', 130, 'Défaillance de pompe', '2020-12-22'),
('R12', 'S050', 100, 'Problème de capteur', '2023-06-11'),
('R13', 'S01', 200, 'Obstruction partielle', '2022-08-18'),
('R14', 'S050', 50, 'Fuite de vanne', '2025-03-07'),
('R15', 'S01', 180, 'Défaillance de pompe', '2021-07-04'),
('R16', 'S050', 120, 'Fuite de canalisation', '2020-04-01'),
('R17', 'S01', 30, 'Problème de pression', '2024-09-27'),
('R18', 'S050', 160, 'Obstruction totale', '2023-01-09'),
('R19', 'S01', 40, 'Rupture de conduite', '2020-10-13'),
('R20', 'S050', 140, 'Raccord défectueux', '2021-11-21'),
('R21', 'S01', 110, 'Défaillance de pompe', '2023-12-08'),
('R22', 'S050', 70, 'Problème de capteur', '2025-05-05'),
('R23', 'S01', 190, 'Obstruction partielle', '2020-06-02'),
('R24', 'S050', 90, 'Fuite de vanne', '2021-07-17'),
('R25', 'S01', 150, 'Défaillance de pompe', '2024-09-10'),
('R26', 'S050', 50, 'Fuite de canalisation', '2023-04-30'),
('R27', 'S01', 130, 'Problème de pression', '2022-08-19'),
('R28', 'S050', 200, 'Raccord défectueux', '2020-10-15'),
('R29', 'S01', 60, 'Obstruction totale', '2023-11-11'),
('R30', 'S050', 170, 'Fuite de canalisation', '2025-03-06'),
('R31', 'S01', 100, 'Problème de capteur', '2021-07-28'),
('R32', 'S050', 190, 'Obstruction partielle', '2020-12-23'),
('R33', 'S01', 80, 'Fuite de vanne', '2024-02-14'),
('R34', 'S050', 150, 'Défaillance de pompe', '2023-06-07'),
('R35', 'S01', 200, 'Problème de pression', '2022-09-30'),
('R36', 'S050', 130, 'Fuite de canalisation', '2020-07-10'),
('R37', 'S01', 40, 'Obstruction totale', '2025-01-22'),
('R38', 'S050', 120, 'Rupture de conduite', '2021-05-11'),
('R39', 'S01', 180, 'Problème de capteur', '2024-08-06'),
('R40', 'S050', 100, 'Défaillance de pompe', '2023-03-19'),
('R41', 'S01', 30, 'Raccord défectueux', '2020-10-05'),
('R42', 'S050', 160, 'Fuite de canalisation', '2021-11-21'),
('R43', 'S01', 140, 'Problème de pression', '2023-12-01'),
('R44', 'S050', 70, 'Obstruction partielle', '2022-07-15'),
('R45', 'S01', 200, 'Fuite de vanne', '2020-09-08'),
('R46', 'S050', 90, 'Rupture de conduite', '2025-02-02'),
('R47', 'S01', 190, 'Obstruction totale', '2021-06-24'),
('R48', 'S050', 110, 'Défaillance de pompe', '2024-04-30'),
('R49', 'S01', 50, 'Problème de capteur', '2023-08-13'),
('R50', 'S050', 170, 'Fuite de canalisation', '2020-03-07');

INSERT INTO section (idS, idNAM, idNAV, diametre, longueur, date) VALUES
('S01', 'N01', 'N040', 15, 150, '2020-02-15'),
('S02', 'N040', 'N01', 25, 300, '2021-05-10'),
('S03', 'N01', 'N040', 12, 210, '2023-08-22'),
('S04', 'N040', 'N01', 30, 450, '2024-01-19'),
('S05', 'N01', 'N040', 40, 500, '2022-11-07'),
('S06', 'N040', 'N01', 20, 220, '2020-09-30'),
('S07', 'N01', 'N040', 18, 340, '2021-12-14'),
('S08', 'N040', 'N01', 35, 480, '2023-06-25'),
('S09', 'N01', 'N040', 22, 260, '2024-10-09'),
('S10', 'N040', 'N01', 45, 390, '2022-07-01'),
('S11', 'N01', 'N040', 28, 180, '2020-03-11'),
('S12', 'N040', 'N01', 33, 410, '2021-09-23'),
('S13', 'N01', 'N040', 15, 290, '2023-05-15'),
('S14', 'N040', 'N01', 50, 470, '2024-12-20'),
('S15', 'N01', 'N040', 42, 350, '2022-02-28'),
('S16', 'N040', 'N01', 25, 200, '2020-06-07'),
('S17', 'N01', 'N040', 13, 130, '2021-10-18'),
('S18', 'N040', 'N01', 38, 420, '2023-07-29'),
('S19', 'N01', 'N040', 19, 320, '2024-03-05'),
('S20', 'N040', 'N01', 30, 260, '2022-08-14'),
('S21', 'N01', 'N040', 44, 400, '2020-01-30'),
('S22', 'N040', 'N01', 17, 210, '2021-04-22'),
('S23', 'N01', 'N040', 24, 280, '2023-11-17'),
('S24', 'N040', 'N01', 37, 440, '2024-05-08'),
('S25', 'N01', 'N040', 29, 350, '2022-03-27'),
('S26', 'N040', 'N01', 41, 480, '2020-09-15'),
('S27', 'N01', 'N040', 21, 270, '2021-07-19'),
('S28', 'N040', 'N01', 35, 410, '2023-02-11'),
('S29', 'N01', 'N040', 26, 220, '2024-06-20'),
('S30', 'N040', 'N01', 39, 450, '2022-10-14'),
('S31', 'N01', 'N040', 14, 140, '2020-05-29'),
('S32', 'N040', 'N01', 45, 490, '2021-08-31'),
('S33', 'N01', 'N040', 31, 370, '2023-12-05'),
('S34', 'N040', 'N01', 23, 300, '2024-11-09'),
('S35', 'N01', 'N040', 46, 420, '2022-04-06'),
('S36', 'N040', 'N01', 16, 180, '2020-07-23'),
('S37', 'N01', 'N040', 34, 360, '2021-11-30'),
('S38', 'N040', 'N01', 27, 290, '2023-03-14'),
('S39', 'N01', 'N040', 48, 490, '2024-09-28'),
('S40', 'N040', 'N01', 22, 250, '2022-05-12'),
('S41', 'N01', 'N040', 32, 380, '2020-02-09'),
('S42', 'N040', 'N01', 43, 460, '2021-06-21'),
('S43', 'N01', 'N040', 19, 310, '2023-01-08'),
('S44', 'N040', 'N01', 36, 430, '2024-08-16'),
('S45', 'N01', 'N040', 28, 280, '2022-12-22'),
('S46', 'N040', 'N01', 49, 500, '2020-10-10'),
('S47', 'N01', 'N040', 25, 230, '2021-09-04'),
('S48', 'N040', 'N01', 42, 370, '2023-04-18'),
('S49', 'N01', 'N040', 31, 320, '2024-07-25'),
('S50', 'N040', 'N01', 47, 470, '2022-06-30');


CREATE TABLE compteur (
idC VARCHAR(255), 
idS VARCHAR(255), 
nomClient VARCHAR(255) , 
adresseClient VARCHAR(255) , 
distance INT, 
date DATE,
statut VARCHAR(255))

INSERT INTO compteur (idC, idS, nomClient, adresseClient, distance, date, statut) VALUES
('C01', 'S01', 'Kouadio Moussa', 'Ouagadougou / Kologh Naba', 55, '2022-03-12', 'Actif'),
('C02', 'S050', 'Ouedraogo Amina', 'Bobo-Dioulasso / Sarfalao', 120, '2023-06-15', 'Hors service'),
('C03', 'S01', 'Traore Joseph', 'Ouagadougou / Pissy', 180, '2021-11-07', 'Actif'),
('C04', 'S050', 'Nayama Adama', 'Koudougou / Zagtouli', 90, '2024-01-22', 'Actif'),
('C05', 'S01', 'Sanon Kadija', 'Banfora / Tanghin', 160, '2022-08-30', 'Hors service'),
('C06', 'S050', 'Zongo Fanta', 'Ouagadougou / Tampouy', 100, '2023-02-19', 'Actif'),
('C07', 'S01', 'Koulibaly Salif', 'Bobo-Dioulasso / Diarrafogo', 150, '2021-07-11', 'Actif'),
('C08', 'S050', 'Bobo Seydou', 'Ouahigouya / Bagré', 130, '2024-04-05', 'Hors service'),
('C09', 'S01', 'Ouedraogo Elisabeth', 'Ouagadougou / Zogona', 45, '2022-12-01', 'Actif'),
('C10', 'S050', 'Sama Idrissa', 'Koudougou / Nasso', 75, '2023-09-21', 'Hors service'),
-- Ajoutez ici les autres entrées jusqu'à C60
('C60', 'S01', 'Traore Alima', 'Ouagadougou / Karpala', 200, '2024-10-12', 'Actif');

INSERT INTO compteur (idC, idS, nomClient, adresseClient, distance, date, statut) VALUES
('C10', 'S050', 'Sama Idrissa', 'Koudougou / Nasso', 75, '2023-09-21', 'Hors service'),
('C11', 'S01', 'Diallo Bintou', 'Bobo-Dioulasso / Yarcé', 110, '2020-11-15', 'Actif'),
('C12', 'S050', 'Kouadio Albert', 'Ouagadougou / Sabtenga', 160, '2024-03-17', 'Actif'),
('C13', 'S01', 'Nana Amadou', 'Ouahigouya / Namsiguia', 125, '2023-04-25', 'Actif'),
('C14', 'S050', 'Fofana Aminata', 'Bobo-Dioulasso / Bama', 50, '2022-07-30', 'Hors service'),
('C15', 'S01', 'Zongo Samuel', 'Ouagadougou / Kossodo', 140, '2021-02-14', 'Actif'),
('C16', 'S050', 'Sanou Chantal', 'Koudougou / Kongoussi', 95, '2024-05-06', 'Actif'),
('C17', 'S01', 'Sawadogo Prosper', 'Banfora / Sourou', 160, '2023-01-10', 'Hors service'),
('C18', 'S050', 'Tapsoba Djeneba', 'Ouagadougou / Nagrin', 70, '2022-10-25', 'Actif'),
('C19', 'S01', 'Bamba Fatim', 'Bobo-Dioulasso / Nasso', 180, '2023-11-12', 'Actif'),
('C20', 'S050', 'Seydou Diarra', 'Ouahigouya / Yako', 150, '2020-03-22', 'Hors service'),
('C21', 'S01', 'Diarra Lamine', 'Ouagadougou / Boulmiougou', 200, '2024-08-30', 'Actif'),
('C22', 'S050', 'Bazié Mahama', 'Koudougou / Djibo', 130, '2023-07-18', 'Hors service'),
('C23', 'S01', 'Zoungrana Birame', 'Bobo-Dioulasso / Gounghin', 60, '2022-04-10', 'Actif'),
('C24', 'S050', 'Kabré Nadia', 'Ouagadougou / Basso', 90, '2021-08-24', 'Actif'),
('C25', 'S01', 'Ouedraogo Georges', 'Ouahigouya / Bousse', 170, '2020-09-12', 'Hors service'),
('C26', 'S050', 'Traore Issa', 'Banfora / Niangoloko', 80, '2024-06-01', 'Actif'),
('C27', 'S01', 'Seydou Moussa', 'Bobo-Dioulasso / Batié', 60, '2023-03-22', 'Hors service'),
('C28', 'S050', 'Zongo Kadiatou', 'Ouagadougou / Nonsin', 115, '2022-11-07', 'Actif'),
('C29', 'S01', 'Bachirou Mamadou', 'Ouagadougou / Somgandé', 50, '2024-02-13', 'Hors service'),
('C30', 'S050', 'Fati Karim', 'Ouahigouya / Poa', 140, '2021-04-17', 'Actif'),
('C31', 'S01', 'Sanou Djibril', 'Koudougou / Kologh Naba', 90, '2020-06-30', 'Actif'),
('C32', 'S050', 'Bamba Doudou', 'Banfora / Douna', 125, '2023-02-01', 'Hors service'),
('C33', 'S01', 'Kouadio Yasmine', 'Bobo-Dioulasso / Ouangolodougou', 160, '2024-09-12', 'Actif'),
('C34', 'S050', 'Ouedraogo Aissatou', 'Ouagadougou / Karpala', 50, '2022-05-20', 'Hors service'),
('C35', 'S01', 'Bationo Ousmane', 'Ouahigouya / Tanghin', 100, '2021-11-05', 'Actif'),
('C36', 'S050', 'Traore Amadou', 'Ouagadougou / Tanghin', 135, '2023-08-17', 'Actif'),
('C37', 'S01', 'Ouedraogo Kadidja', 'Bobo-Dioulasso / Sya', 140, '2020-07-10', 'Hors service'),
('C38', 'S050', 'Bazié Seydou', 'Koudougou / Ziniaré', 110, '2024-01-11', 'Actif'),
('C39', 'S01', 'Zoungrana Amina', 'Ouagadougou / Komsilga', 90, '2023-06-18', 'Actif'),
('C40', 'S050', 'Sawadogo Ismaël', 'Banfora / Bafilo', 75, '2021-09-14', 'Hors service'),
('C41', 'S01', 'Soro Téné', 'Bobo-Dioulasso / Sian', 110, '2020-12-03', 'Actif'),
('C42', 'S050', 'Ouedraogo Doumbia', 'Ouahigouya / Kouritenga', 60, '2024-03-29', 'Hors service'),
('C43', 'S01', 'Fofana Saliou', 'Ouagadougou / Kouritenga', 160, '2023-07-02', 'Actif'),
('C44', 'S050', 'Kaboré Maimouna', 'Koudougou / Reo', 120, '2022-01-05', 'Actif'),
('C45', 'S01', 'Traore Bassirou', 'Ouagadougou / Nagrin', 180, '2021-10-09', 'Hors service'),
('C46', 'S050', 'Sanon Mohamed', 'Banfora / Farakoba', 100, '2024-07-24', 'Actif'),
('C47', 'S01', 'Boubacar Salif', 'Ouagadougou / Saaba', 130, '2020-10-14', 'Actif'),
('C48', 'S050', 'Zongo Idriss', 'Ouahigouya / Dori', 85, '2023-01-17', 'Hors service'),
('C49', 'S01', 'Sawadogo Karima', 'Bobo-Dioulasso / Bougouriba', 170, '2024-04-04', 'Actif'),
('C50', 'S050', 'Bationo Oumar', 'Ouagadougou / Kossodo', 55, '2022-06-20', 'Actif'),
('C51', 'S01', 'Seydou Aicha', 'Ouahigouya / Dori', 60, '2023-12-18', 'Hors service'),
('C52', 'S050', 'Koulibaly Ahmed', 'Koudougou / Tenkodogo', 95, '2024-11-08', 'Actif'),
('C53', 'S01', 'Nana Safiatou', 'Banfora / Ziniaré', 125, '2021-02-23', 'Hors service'),
('C54', 'S050', 'Fofana Ibrahim', 'Bobo-Dioulasso / Kotto', 50, '2020-09-27', 'Actif'),
('C55', 'S01', 'Sama Adama', 'Ouagadougou / Larlé', 110, '2023-05-18', 'Actif'),
('C56', 'S050', 'Sanou Alpha', 'Ouahigouya / Manega', 145, '2022-12-13', 'Hors service'),
('C57', 'S01', 'Zongo Aminata', 'Koudougou / Yamtenga', 80, '2021-04-11', 'Actif'),
('C58', 'S050', 'Tapsoba Moïse', 'Banfora / Gaoua', 150, '2024-06-23', 'Hors service'),
('C59', 'S01', 'Traore Rachid', 'Bobo-Dioulasso / Nasso', 200, '2023-09-30', 'Actif');

CREATE TABLE consommation (
idCons VARCHAR(255) , 
idC VARCHAR(255) , 
quantite INT, 
annee INT)


INSERT INTO consommation (idCons, idC, quantite, annee) VALUES
('CON01', 'C01', 500, 2020),
('CON02', 'C02', 1500, 2021),
('CON03', 'C03', 1200, 2022),
('CON04', 'C04', 2000, 2023),
('CON05', 'C05', 300, 2024),
('CON06', 'C06', 900, 2025),
('CON07', 'C07', 450, 2020),
('CON08', 'C08', 800, 2021),
('CON09', 'C09', 650, 2022),
('CON10', 'C10', 1100, 2023),
('CON11', 'C11', 1800, 2024),
('CON12', 'C12', 150, 2025),
('CON13', 'C13', 1200, 2020),
('CON14', 'C14', 1000, 2021),
('CON15', 'C15', 300, 2022),
('CON16', 'C16', 950, 2023),
('CON17', 'C17', 750, 2024),
('CON18', 'C18', 600, 2025),
('CON19', 'C19', 1700, 2020),
('CON20', 'C20', 1100, 2021),
('CON21', 'C21', 1300, 2022),
('CON22', 'C22', 1500, 2023),
('CON23', 'C23', 1000, 2024),
('CON24', 'C24', 500, 2025),
('CON25', 'C25', 600, 2020),
('CON26', 'C26', 2000, 2021),
('CON27', 'C27', 400, 2022),
('CON28', 'C28', 850, 2023),
('CON29', 'C29', 1200, 2024),
('CON30', 'C30', 700, 2025),
('CON31', 'C31', 1000, 2020),
('CON32', 'C32', 1500, 2021),
('CON33', 'C33', 800, 2022),
('CON34', 'C34', 650, 2023),
('CON35', 'C35', 1800, 2024),
('CON36', 'C36', 1400, 2025),
('CON37', 'C37', 2000, 2020),
('CON38', 'C38', 1200, 2021),
('CON39', 'C39', 150, 2022),
('CON40', 'C40', 700, 2023),
('CON41', 'C41', 900, 2024),
('CON42', 'C42', 1100, 2025),
('CON43', 'C43', 650, 2020),
('CON44', 'C44', 1800, 2021),
('CON45', 'C45', 1300, 2022),
('CON46', 'C46', 500, 2023),
('CON47', 'C47', 950, 2024),
('CON48', 'C48', 400, 2025),
('CON49', 'C49', 1200, 2020),
('CON50', 'C50', 1000, 2021),
('CON51', 'C51', 1800, 2022),
('CON52', 'C52', 1300, 2023),
('CON53', 'C53', 700, 2024),
('CON54', 'C54', 850, 2025),
('CON55', 'C55', 1500, 2020),
('CON56', 'C56', 950, 2021),
('CON57', 'C57', 2000, 2022),
('CON58', 'C58', 800, 2023),
('CON59', 'C59', 1300, 2024),
('CON60', 'C60', 150, 2025);



